-- --------------------------------------------------------
-- Host:                         127.0.0.1
-- Server version:               5.7.33 - MySQL Community Server (GPL)
-- Server OS:                    Win64
-- HeidiSQL Version:             11.2.0.6213
-- --------------------------------------------------------

/*!40101 SET @OLD_CHARACTER_SET_CLIENT=@@CHARACTER_SET_CLIENT */;
/*!40101 SET NAMES utf8 */;
/*!50503 SET NAMES utf8mb4 */;
/*!40014 SET @OLD_FOREIGN_KEY_CHECKS=@@FOREIGN_KEY_CHECKS, FOREIGN_KEY_CHECKS=0 */;
/*!40101 SET @OLD_SQL_MODE=@@SQL_MODE, SQL_MODE='NO_AUTO_VALUE_ON_ZERO' */;
/*!40111 SET @OLD_SQL_NOTES=@@SQL_NOTES, SQL_NOTES=0 */;


-- Dumping database structure for praktikum_presensi_penggajian
CREATE DATABASE IF NOT EXISTS `praktikum_presensi_penggajian` /*!40100 DEFAULT CHARACTER SET latin1 */;
USE `praktikum_presensi_penggajian`;

-- Dumping structure for table praktikum_presensi_penggajian.bagian
CREATE TABLE IF NOT EXISTS `bagian` (
  `id` int(11) NOT NULL AUTO_INCREMENT,
  `nama_bagian` varchar(255) NOT NULL,
  `karyawan_id` int(11) NOT NULL,
  `lokasi_id` int(11) NOT NULL,
  PRIMARY KEY (`id`)
) ENGINE=InnoDB AUTO_INCREMENT=4 DEFAULT CHARSET=latin1;

-- Dumping data for table praktikum_presensi_penggajian.bagian: ~3 rows (approximately)
/*!40000 ALTER TABLE `bagian` DISABLE KEYS */;
INSERT INTO `bagian` (`id`, `nama_bagian`, `karyawan_id`, `lokasi_id`) VALUES
	(1, 'Autentikasi', 5, 1),
	(2, 'Data Science', 3, 1),
	(3, 'Backend Developer', 6, 2);
/*!40000 ALTER TABLE `bagian` ENABLE KEYS */;

-- Dumping structure for table praktikum_presensi_penggajian.bagian_karyawan
CREATE TABLE IF NOT EXISTS `bagian_karyawan` (
  `id` int(11) NOT NULL AUTO_INCREMENT,
  `bagian_id` int(11) NOT NULL,
  `karyawan_id` int(11) NOT NULL,
  `tanggal_mulai` date NOT NULL,
  PRIMARY KEY (`id`)
) ENGINE=InnoDB AUTO_INCREMENT=7 DEFAULT CHARSET=latin1;

-- Dumping data for table praktikum_presensi_penggajian.bagian_karyawan: ~6 rows (approximately)
/*!40000 ALTER TABLE `bagian_karyawan` DISABLE KEYS */;
INSERT INTO `bagian_karyawan` (`id`, `bagian_id`, `karyawan_id`, `tanggal_mulai`) VALUES
	(1, 1, 5, '2018-03-03'),
	(2, 2, 3, '2018-04-01'),
	(3, 3, 6, '2018-04-04'),
	(4, 1, 4, '2018-03-03'),
	(5, 2, 7, '2018-04-01'),
	(6, 3, 8, '2018-04-04');
/*!40000 ALTER TABLE `bagian_karyawan` ENABLE KEYS */;

-- Dumping structure for table praktikum_presensi_penggajian.jabatan
CREATE TABLE IF NOT EXISTS `jabatan` (
  `id` int(11) NOT NULL AUTO_INCREMENT,
  `nama_jabatan` varchar(255) NOT NULL,
  `gapok_jabatan` double NOT NULL,
  `tunjangan_jabatan` double NOT NULL,
  `uang_makan_perhari` double NOT NULL,
  PRIMARY KEY (`id`)
) ENGINE=InnoDB AUTO_INCREMENT=7 DEFAULT CHARSET=latin1;

-- Dumping data for table praktikum_presensi_penggajian.jabatan: ~5 rows (approximately)
/*!40000 ALTER TABLE `jabatan` DISABLE KEYS */;
INSERT INTO `jabatan` (`id`, `nama_jabatan`, `gapok_jabatan`, `tunjangan_jabatan`, `uang_makan_perhari`) VALUES
	(1, 'System Analyst', 2400000, 500000, 40000),
	(2, 'Project Manager', 2300000, 450000, 38000),
	(3, 'Senior Programmer', 2200000, 400000, 36000),
	(4, 'Junior Programmer', 2100000, 350000, 34000),
	(5, 'Magang', 1000000, 100000, 20000);
/*!40000 ALTER TABLE `jabatan` ENABLE KEYS */;

-- Dumping structure for table praktikum_presensi_penggajian.jabatan_karyawan
CREATE TABLE IF NOT EXISTS `jabatan_karyawan` (
  `id` int(11) NOT NULL AUTO_INCREMENT,
  `jabatan_id` int(11) NOT NULL,
  `karyawan_id` int(11) NOT NULL,
  `tanggal_mulai` date NOT NULL,
  PRIMARY KEY (`id`)
) ENGINE=InnoDB AUTO_INCREMENT=18 DEFAULT CHARSET=latin1;

-- Dumping data for table praktikum_presensi_penggajian.jabatan_karyawan: ~17 rows (approximately)
/*!40000 ALTER TABLE `jabatan_karyawan` DISABLE KEYS */;
INSERT INTO `jabatan_karyawan` (`id`, `jabatan_id`, `karyawan_id`, `tanggal_mulai`) VALUES
	(1, 5, 3, '2013-03-03'),
	(2, 4, 3, '2014-04-01'),
	(3, 5, 4, '2014-04-04'),
	(4, 3, 3, '2015-05-04'),
	(5, 4, 4, '2015-05-05'),
	(6, 5, 5, '2015-05-05'),
	(7, 2, 3, '2015-06-01'),
	(8, 3, 4, '2015-06-02'),
	(9, 4, 5, '2015-06-03'),
	(10, 5, 6, '2015-06-06'),
	(11, 1, 3, '2017-07-01'),
	(12, 2, 4, '2017-07-02'),
	(13, 3, 5, '2017-07-02'),
	(14, 4, 6, '2017-07-02'),
	(15, 5, 7, '2017-07-07'),
	(16, 4, 7, '2018-08-02'),
	(17, 5, 8, '2018-08-08');
/*!40000 ALTER TABLE `jabatan_karyawan` ENABLE KEYS */;

-- Dumping structure for table praktikum_presensi_penggajian.karyawan
CREATE TABLE IF NOT EXISTS `karyawan` (
  `id` int(11) NOT NULL AUTO_INCREMENT,
  `nik` varchar(255) NOT NULL,
  `nama_lengkap` varchar(255) NOT NULL,
  `handphone` varchar(255) NOT NULL,
  `email` varchar(255) NOT NULL,
  `tanggal_masuk` date NOT NULL,
  `pengguna_id` int(11) DEFAULT NULL,
  PRIMARY KEY (`id`)
) ENGINE=InnoDB AUTO_INCREMENT=9 DEFAULT CHARSET=latin1;

-- Dumping data for table praktikum_presensi_penggajian.karyawan: ~8 rows (approximately)
/*!40000 ALTER TABLE `karyawan` DISABLE KEYS */;
INSERT INTO `karyawan` (`id`, `nik`, `nama_lengkap`, `handphone`, `email`, `tanggal_masuk`, `pengguna_id`) VALUES
	(1, '001', 'Admin', '08112011', 'admin@mail.com', '2011-01-01', 1),
	(2, '002', 'Tes User', '08112012', 'user@mail.com', '2012-02-02', 2),
	(3, '003', 'John Doe', '08112013', 'john@mail.com', '2013-03-03', 3),
	(4, '004', 'Fulan Bin Fulan', '08112014', 'fulan@mail.com', '2014-04-04', 4),
	(5, '005', 'Mawar Kurniani', '08112015', 'mawar@mail.com', '2015-05-05', 5),
	(6, '006', 'Melati Rahmawati', '08112016', 'melati@mail.com', '2016-06-06', 6),
	(7, '007', 'Dahlia Setiani', '08112017', 'dahlia@mail.com', '2017-07-07', 7),
	(8, '008', 'Lily Handayani', '08112018', 'lily@mail.com', '2018-08-08', 8);
/*!40000 ALTER TABLE `karyawan` ENABLE KEYS */;

-- Dumping structure for table praktikum_presensi_penggajian.lokasi
CREATE TABLE IF NOT EXISTS `lokasi` (
  `id` int(11) NOT NULL AUTO_INCREMENT,
  `nama_lokasi` varchar(255) NOT NULL,
  PRIMARY KEY (`id`)
) ENGINE=InnoDB AUTO_INCREMENT=5 DEFAULT CHARSET=latin1;

-- Dumping data for table praktikum_presensi_penggajian.lokasi: ~3 rows (approximately)
/*!40000 ALTER TABLE `lokasi` DISABLE KEYS */;
INSERT INTO `lokasi` (`id`, `nama_lokasi`) VALUES
	(1, 'Kota Banjarmasin'),
	(2, 'Kota Banjarbaru'),
	(3, 'Kabupaten Banjar');
/*!40000 ALTER TABLE `lokasi` ENABLE KEYS */;

-- Dumping structure for table praktikum_presensi_penggajian.penggajian
CREATE TABLE IF NOT EXISTS `penggajian` (
  `id` int(11) NOT NULL AUTO_INCREMENT,
  `karyawan_id` int(11) NOT NULL,
  `tahun` year(4) DEFAULT NULL,
  `bulan` char(2) DEFAULT NULL,
  `gapok` double DEFAULT NULL,
  `tunjangan` double DEFAULT NULL,
  `uang_makan` double DEFAULT NULL,
  PRIMARY KEY (`id`)
) ENGINE=InnoDB AUTO_INCREMENT=19 DEFAULT CHARSET=latin1;

-- Dumping data for table praktikum_presensi_penggajian.penggajian: ~18 rows (approximately)
/*!40000 ALTER TABLE `penggajian` DISABLE KEYS */;
INSERT INTO `penggajian` (`id`, `karyawan_id`, `tahun`, `bulan`, `gapok`, `tunjangan`, `uang_makan`) VALUES
	(1, 3, '2020', '11', 2400000, 500000, 800000),
	(2, 4, '2020', '11', 2300000, 450000, 684000),
	(3, 5, '2020', '11', 2200000, 400000, 684000),
	(4, 6, '2020', '11', 2100000, 350000, 640000),
	(5, 7, '2020', '11', 2100000, 350000, 612000),
	(6, 8, '2020', '11', 1000000, 100000, 380000),
	(7, 3, '2020', '12', 2400000, 500000, 800000),
	(8, 4, '2020', '12', 2300000, 450000, 722000),
	(9, 5, '2020', '12', 2200000, 400000, 720000),
	(10, 6, '2020', '12', 2100000, 350000, 680000),
	(11, 7, '2020', '12', 2100000, 350000, 646000),
	(12, 8, '2020', '12', 1000000, 100000, 360000),
	(13, 3, '2021', '01', 2400000, 500000, 800000),
	(14, 4, '2021', '01', 2300000, 450000, 722000),
	(15, 5, '2021', '01', 2200000, 400000, 612000),
	(16, 6, '2021', '01', 2100000, 350000, 680000),
	(17, 7, '2021', '01', 2100000, 350000, 646000),
	(18, 8, '2021', '01', 1000000, 100000, 340000);
/*!40000 ALTER TABLE `penggajian` ENABLE KEYS */;

-- Dumping structure for table praktikum_presensi_penggajian.pengguna
CREATE TABLE IF NOT EXISTS `pengguna` (
  `id` int(11) NOT NULL AUTO_INCREMENT,
  `username` varchar(255) NOT NULL,
  `password` varchar(255) NOT NULL,
  `peran` enum('ADMIN','USER') DEFAULT NULL,
  `login_terakhir` timestamp NULL DEFAULT NULL,
  PRIMARY KEY (`id`)
) ENGINE=InnoDB AUTO_INCREMENT=9 DEFAULT CHARSET=latin1;

-- Dumping data for table praktikum_presensi_penggajian.pengguna: ~8 rows (approximately)
/*!40000 ALTER TABLE `pengguna` DISABLE KEYS */;
INSERT INTO `pengguna` (`id`, `username`, `password`, `peran`, `login_terakhir`) VALUES
	(1, 'admin', '21232f297a57a5a743894a0e4a801fc3', 'ADMIN', NULL),
	(2, 'user', 'ee11cbb19052e40b07aac0ca060c23ee', 'USER', NULL),
	(3, 'johndoe', '6579e96f76baa00787a28653876c6127', 'USER', NULL),
	(4, 'fulanbinfulan', '7c232f58f03f6d00c8d28166fbff7a8b', 'USER', NULL),
	(5, 'mawar', 'bd117502364227fd8c09098d31e11313', 'USER', NULL),
	(6, 'melati', '27e80ebc907bd57004986be9e6f2dd83', 'USER', NULL),
	(7, 'dahlia', 'ee11cbb19052e40b07aac0ca060c23ee', 'USER', NULL),
	(8, 'lily', '89f288757f4d0693c99b007855fc075e', 'USER', NULL);
/*!40000 ALTER TABLE `pengguna` ENABLE KEYS */;

-- Dumping structure for table praktikum_presensi_penggajian.presensi
CREATE TABLE IF NOT EXISTS `presensi` (
  `id` int(11) NOT NULL AUTO_INCREMENT,
  `karyawan_id` int(11) NOT NULL,
  `tanggal` date NOT NULL,
  `jam_masuk` time DEFAULT NULL,
  `keterangan` varchar(50) DEFAULT NULL,
  `jam_keluar` time DEFAULT NULL,
  PRIMARY KEY (`id`)
) ENGINE=InnoDB AUTO_INCREMENT=553 DEFAULT CHARSET=latin1;

-- Dumping data for table praktikum_presensi_penggajian.presensi: ~0 rows (approximately)
/*!40000 ALTER TABLE `presensi` DISABLE KEYS */;
INSERT INTO `presensi` (`id`, `karyawan_id`, `tanggal`, `jam_masuk`, `keterangan`, `jam_keluar`) VALUES
	(1, 3, '2020-11-01', NULL, 'AKHIR PEKAN', NULL),
	(2, 3, '2020-11-02', '08:00:00', 'HADIR', '16:00:00'),
	(3, 3, '2020-11-03', '08:00:00', 'HADIR', '16:00:00'),
	(4, 3, '2020-11-04', '08:00:00', 'HADIR', '16:00:00'),
	(5, 3, '2020-11-05', '08:00:00', 'HADIR', '16:00:00'),
	(6, 3, '2020-11-06', '08:00:00', 'HADIR', '16:00:00'),
	(7, 3, '2020-11-07', NULL, 'AKHIR PEKAN', NULL),
	(8, 3, '2020-11-08', NULL, 'AKHIR PEKAN', NULL),
	(9, 3, '2020-11-09', '08:00:00', 'HADIR', '16:00:00'),
	(10, 3, '2020-11-10', NULL, 'LIBUR NASIONAL', NULL),
	(11, 3, '2020-11-11', '08:00:00', 'HADIR', '16:00:00'),
	(12, 3, '2020-11-12', '08:00:00', 'HADIR', '16:00:00'),
	(13, 3, '2020-11-13', '08:00:00', 'HADIR', '16:00:00'),
	(14, 3, '2020-11-14', NULL, 'AKHIR PEKAN', NULL),
	(15, 3, '2020-11-15', NULL, 'AKHIR PEKAN', NULL),
	(16, 3, '2020-11-16', '08:00:00', 'HADIR', '16:00:00'),
	(17, 3, '2020-11-17', '08:00:00', 'HADIR', '16:00:00'),
	(18, 3, '2020-11-18', '08:00:00', 'HADIR', '16:00:00'),
	(19, 3, '2020-11-19', '08:00:00', 'HADIR', '16:00:00'),
	(20, 3, '2020-11-20', '08:00:00', 'HADIR', '16:00:00'),
	(21, 3, '2020-11-21', NULL, 'AKHIR PEKAN', NULL),
	(22, 3, '2020-11-22', NULL, 'AKHIR PEKAN', NULL),
	(23, 3, '2020-11-23', '08:00:00', 'HADIR', '16:00:00'),
	(24, 3, '2020-11-24', '08:00:00', 'HADIR', '16:00:00'),
	(25, 3, '2020-11-25', '08:00:00', 'HADIR', '16:00:00'),
	(26, 3, '2020-11-26', '08:00:00', 'HADIR', '16:00:00'),
	(27, 3, '2020-11-27', '08:00:00', 'HADIR', '16:00:00'),
	(28, 3, '2020-11-28', NULL, 'AKHIR PEKAN', NULL),
	(29, 3, '2020-11-29', NULL, 'AKHIR PEKAN', NULL),
	(30, 3, '2020-11-30', '08:00:00', 'HADIR', '16:00:00'),
	(31, 3, '2020-12-01', '08:00:00', 'HADIR', '16:00:00'),
	(32, 3, '2020-12-02', '08:00:00', 'HADIR', '16:00:00'),
	(33, 3, '2020-12-03', '08:00:00', 'HADIR', '16:00:00'),
	(34, 3, '2020-12-04', '08:00:00', 'HADIR', '16:00:00'),
	(35, 3, '2020-12-05', NULL, 'AKHIR PEKAN', NULL),
	(36, 3, '2020-12-06', NULL, 'AKHIR PEKAN', NULL),
	(37, 3, '2020-12-07', '08:00:00', 'HADIR', '16:00:00'),
	(38, 3, '2020-12-08', '08:00:00', 'HADIR', '16:00:00'),
	(39, 3, '2020-12-09', NULL, 'LIBUR NASIONAL', NULL),
	(40, 3, '2020-12-10', '08:00:00', 'HADIR', '16:00:00'),
	(41, 3, '2020-12-11', '08:00:00', 'HADIR', '16:00:00'),
	(42, 3, '2020-12-12', NULL, 'AKHIR PEKAN', NULL),
	(43, 3, '2020-12-13', NULL, 'AKHIR PEKAN', NULL),
	(44, 3, '2020-12-14', '08:00:00', 'HADIR', '16:00:00'),
	(45, 3, '2020-12-15', '08:00:00', 'HADIR', '16:00:00'),
	(46, 3, '2020-12-16', '08:00:00', 'HADIR', '16:00:00'),
	(47, 3, '2020-12-17', '08:00:00', 'HADIR', '16:00:00'),
	(48, 3, '2020-12-18', '08:00:00', 'HADIR', '16:00:00'),
	(49, 3, '2020-12-19', NULL, 'AKHIR PEKAN', NULL),
	(50, 3, '2020-12-20', NULL, 'AKHIR PEKAN', NULL),
	(51, 3, '2020-12-21', '08:00:00', 'HADIR', '16:00:00'),
	(52, 3, '2020-12-22', '08:00:00', 'HADIR', '16:00:00'),
	(53, 3, '2020-12-23', '08:00:00', 'HADIR', '16:00:00'),
	(54, 3, '2020-12-24', NULL, 'LIBUR NASIONAL', NULL),
	(55, 3, '2020-12-25', NULL, 'LIBUR NASIONAL', NULL),
	(56, 3, '2020-12-26', NULL, 'AKHIR PEKAN', NULL),
	(57, 3, '2020-12-27', NULL, 'AKHIR PEKAN', NULL),
	(58, 3, '2020-12-28', '08:00:00', 'HADIR', '16:00:00'),
	(59, 3, '2020-12-29', '08:00:00', 'HADIR', '16:00:00'),
	(60, 3, '2020-12-30', '08:00:00', 'HADIR', '16:00:00'),
	(61, 3, '2020-12-31', '08:00:00', 'HADIR', '16:00:00'),
	(62, 3, '2021-01-01', NULL, 'LIBUR NASIONAL', NULL),
	(63, 3, '2021-01-02', NULL, 'AKHIR PEKAN', NULL),
	(64, 3, '2021-01-03', NULL, 'AKHIR PEKAN', NULL),
	(65, 3, '2021-01-04', '08:00:00', 'HADIR', '16:00:00'),
	(66, 3, '2021-01-05', '08:00:00', 'HADIR', '16:00:00'),
	(67, 3, '2021-01-06', '08:00:00', 'HADIR', '16:00:00'),
	(68, 3, '2021-01-07', '08:00:00', 'HADIR', '16:00:00'),
	(69, 3, '2021-01-08', '08:00:00', 'HADIR', '16:00:00'),
	(70, 3, '2021-01-09', NULL, 'AKHIR PEKAN', NULL),
	(71, 3, '2021-01-10', NULL, 'AKHIR PEKAN', NULL),
	(72, 3, '2021-01-11', '08:00:00', 'HADIR', '16:00:00'),
	(73, 3, '2021-01-12', '08:00:00', 'HADIR', '16:00:00'),
	(74, 3, '2021-01-13', '08:00:00', 'HADIR', '16:00:00'),
	(75, 3, '2021-01-14', '08:00:00', 'HADIR', '16:00:00'),
	(76, 3, '2021-01-15', '08:00:00', 'HADIR', '16:00:00'),
	(77, 3, '2021-01-16', NULL, 'AKHIR PEKAN', NULL),
	(78, 3, '2021-01-17', NULL, 'AKHIR PEKAN', NULL),
	(79, 3, '2021-01-18', '08:00:00', 'HADIR', '16:00:00'),
	(80, 3, '2021-01-19', '08:00:00', 'HADIR', '16:00:00'),
	(81, 3, '2021-01-20', '08:00:00', 'HADIR', '16:00:00'),
	(82, 3, '2021-01-21', '08:00:00', 'HADIR', '16:00:00'),
	(83, 3, '2021-01-22', '08:00:00', 'HADIR', '16:00:00'),
	(84, 3, '2021-01-23', NULL, 'AKHIR PEKAN', NULL),
	(85, 3, '2021-01-24', NULL, 'AKHIR PEKAN', NULL),
	(86, 3, '2021-01-25', '08:00:00', 'HADIR', '16:00:00'),
	(87, 3, '2021-01-26', '08:00:00', 'HADIR', '16:00:00'),
	(88, 3, '2021-01-27', '08:00:00', 'HADIR', '16:00:00'),
	(89, 3, '2021-01-28', '08:00:00', 'HADIR', '16:00:00'),
	(90, 3, '2021-01-29', '08:00:00', 'HADIR', '16:00:00'),
	(91, 3, '2021-01-30', NULL, 'AKHIR PEKAN', NULL),
	(92, 3, '2021-01-31', NULL, 'AKHIR PEKAN', NULL),
	(93, 4, '2020-11-01', NULL, 'AKHIR PEKAN', NULL),
	(94, 4, '2020-11-02', '08:00:00', 'HADIR', '16:00:00'),
	(95, 4, '2020-11-03', '08:35:00', 'HADIR', '16:00:00'),
	(96, 4, '2020-11-04', NULL, 'SAKIT', NULL),
	(97, 4, '2020-11-05', '08:00:00', 'HADIR', '16:00:00'),
	(98, 4, '2020-11-06', '08:00:00', 'HADIR', '16:00:00'),
	(99, 4, '2020-11-07', NULL, 'AKHIR PEKAN', NULL),
	(100, 4, '2020-11-08', NULL, 'AKHIR PEKAN', NULL),
	(101, 4, '2020-11-09', '08:00:00', 'HADIR', '16:00:00'),
	(102, 4, '2020-11-10', NULL, 'LIBUR NASIONAL', NULL),
	(103, 4, '2020-11-11', '08:00:00', 'HADIR', '16:00:00'),
	(104, 4, '2020-11-12', '08:00:00', 'HADIR', '16:00:00'),
	(105, 4, '2020-11-13', '08:00:00', 'HADIR', '16:00:00'),
	(106, 4, '2020-11-14', NULL, 'AKHIR PEKAN', NULL),
	(107, 4, '2020-11-15', NULL, 'AKHIR PEKAN', NULL),
	(108, 4, '2020-11-16', '08:00:00', 'HADIR', '16:00:00'),
	(109, 4, '2020-11-17', '08:00:00', 'HADIR', '16:00:00'),
	(110, 4, '2020-11-18', '08:45:00', 'HADIR', '16:00:00'),
	(111, 4, '2020-11-19', NULL, 'IZIN', NULL),
	(112, 4, '2020-11-20', '08:00:00', 'HADIR', '16:00:00'),
	(113, 4, '2020-11-21', NULL, 'AKHIR PEKAN', NULL),
	(114, 4, '2020-11-22', NULL, 'AKHIR PEKAN', NULL),
	(115, 4, '2020-11-23', '08:00:00', 'HADIR', '16:00:00'),
	(116, 4, '2020-11-24', '08:00:00', 'HADIR', '16:00:00'),
	(117, 4, '2020-11-25', '08:00:00', 'HADIR', '16:00:00'),
	(118, 4, '2020-11-26', '08:00:00', 'HADIR', '16:00:00'),
	(119, 4, '2020-11-27', '08:00:00', 'HADIR', '16:00:00'),
	(120, 4, '2020-11-28', NULL, 'AKHIR PEKAN', NULL),
	(121, 4, '2020-11-29', NULL, 'AKHIR PEKAN', NULL),
	(122, 4, '2020-11-30', '08:00:00', 'HADIR', '16:00:00'),
	(123, 4, '2020-12-01', '08:00:00', 'HADIR', '16:00:00'),
	(124, 4, '2020-12-02', '08:00:00', 'HADIR', '16:00:00'),
	(125, 4, '2020-12-03', '08:00:00', 'HADIR', '16:00:00'),
	(126, 4, '2020-12-04', '08:00:00', 'HADIR', '16:00:00'),
	(127, 4, '2020-12-05', NULL, 'AKHIR PEKAN', NULL),
	(128, 4, '2020-12-06', NULL, 'AKHIR PEKAN', NULL),
	(129, 4, '2020-12-07', '08:00:00', 'HADIR', '16:00:00'),
	(130, 4, '2020-12-08', '08:00:00', 'HADIR', '16:00:00'),
	(131, 4, '2020-12-09', NULL, 'LIBUR NASIONAL', NULL),
	(132, 4, '2020-12-10', '08:00:00', 'HADIR', '16:00:00'),
	(133, 4, '2020-12-11', '08:00:00', 'HADIR', '16:00:00'),
	(134, 4, '2020-12-12', NULL, 'AKHIR PEKAN', NULL),
	(135, 4, '2020-12-13', NULL, 'AKHIR PEKAN', NULL),
	(136, 4, '2020-12-14', '08:00:00', 'HADIR', '16:00:00'),
	(137, 4, '2020-12-15', '08:00:00', 'HADIR', '16:00:00'),
	(138, 4, '2020-12-16', '08:00:00', 'HADIR', '16:00:00'),
	(139, 4, '2020-12-17', NULL, 'SAKIT', NULL),
	(140, 4, '2020-12-18', '08:00:00', 'HADIR', '16:00:00'),
	(141, 4, '2020-12-19', NULL, 'AKHIR PEKAN', NULL),
	(142, 4, '2020-12-20', NULL, 'AKHIR PEKAN', NULL),
	(143, 4, '2020-12-21', '08:00:00', 'HADIR', '16:00:00'),
	(144, 4, '2020-12-22', '08:00:00', 'HADIR', '16:00:00'),
	(145, 4, '2020-12-23', '08:00:00', 'HADIR', '16:00:00'),
	(146, 4, '2020-12-24', NULL, 'LIBUR NASIONAL', NULL),
	(147, 4, '2020-12-25', NULL, 'LIBUR NASIONAL', NULL),
	(148, 4, '2020-12-26', NULL, 'AKHIR PEKAN', NULL),
	(149, 4, '2020-12-27', NULL, 'AKHIR PEKAN', NULL),
	(150, 4, '2020-12-28', '08:00:00', 'HADIR', '16:00:00'),
	(151, 4, '2020-12-29', '08:50:00', 'HADIR', '16:00:00'),
	(152, 4, '2020-12-30', '08:00:00', 'HADIR', '16:00:00'),
	(153, 4, '2020-12-31', '08:00:00', 'HADIR', '16:00:00'),
	(154, 4, '2021-01-01', NULL, 'LIBUR NASIONAL', NULL),
	(155, 4, '2021-01-02', NULL, 'AKHIR PEKAN', NULL),
	(156, 4, '2021-01-03', NULL, 'AKHIR PEKAN', NULL),
	(157, 4, '2021-01-04', '08:00:00', 'HADIR', '16:00:00'),
	(158, 4, '2021-01-05', '08:00:00', 'HADIR', '16:00:00'),
	(159, 4, '2021-01-06', '08:00:00', 'HADIR', '16:00:00'),
	(160, 4, '2021-01-07', '08:00:00', 'HADIR', '16:00:00'),
	(161, 4, '2021-01-08', '08:00:00', 'HADIR', '16:00:00'),
	(162, 4, '2021-01-09', NULL, 'AKHIR PEKAN', NULL),
	(163, 4, '2021-01-10', NULL, 'AKHIR PEKAN', NULL),
	(164, 4, '2021-01-11', '08:00:00', 'HADIR', '16:00:00'),
	(165, 4, '2021-01-12', '08:00:00', 'HADIR', '16:00:00'),
	(166, 4, '2021-01-13', '08:00:00', 'HADIR', '16:00:00'),
	(167, 4, '2021-01-14', '08:00:00', 'HADIR', '16:00:00'),
	(168, 4, '2021-01-15', '08:00:00', 'HADIR', '16:00:00'),
	(169, 4, '2021-01-16', NULL, 'AKHIR PEKAN', NULL),
	(170, 4, '2021-01-17', NULL, 'AKHIR PEKAN', NULL),
	(171, 4, '2021-01-18', '08:00:00', 'HADIR', '16:00:00'),
	(172, 4, '2021-01-19', '08:00:00', 'HADIR', '16:00:00'),
	(173, 4, '2021-01-20', '08:00:00', 'HADIR', '16:00:00'),
	(174, 4, '2021-01-21', NULL, 'IZIN', NULL),
	(175, 4, '2021-01-22', '08:00:00', 'HADIR', '16:00:00'),
	(176, 4, '2021-01-23', NULL, 'AKHIR PEKAN', NULL),
	(177, 4, '2021-01-24', NULL, 'AKHIR PEKAN', NULL),
	(178, 4, '2021-01-25', '08:00:00', 'HADIR', '16:00:00'),
	(179, 4, '2021-01-26', '08:00:00', 'HADIR', '16:00:00'),
	(180, 4, '2021-01-27', '08:40:00', 'HADIR', '16:00:00'),
	(181, 4, '2021-01-28', '08:00:00', 'HADIR', '16:00:00'),
	(182, 4, '2021-01-29', '08:00:00', 'HADIR', '16:00:00'),
	(183, 4, '2021-01-30', NULL, 'AKHIR PEKAN', NULL),
	(184, 4, '2021-01-31', NULL, 'AKHIR PEKAN', NULL),
	(185, 5, '2020-11-01', NULL, 'AKHIR PEKAN', NULL),
	(186, 5, '2020-11-02', '08:00:00', 'HADIR', '16:00:00'),
	(187, 5, '2020-11-03', '08:00:00', 'HADIR', '16:00:00'),
	(188, 5, '2020-11-04', '08:00:00', 'HADIR', '16:00:00'),
	(189, 5, '2020-11-05', '08:00:00', 'HADIR', '16:00:00'),
	(190, 5, '2020-11-06', '08:35:00', 'HADIR', '16:00:00'),
	(191, 5, '2020-11-07', NULL, 'AKHIR PEKAN', NULL),
	(192, 5, '2020-11-08', NULL, 'AKHIR PEKAN', NULL),
	(193, 5, '2020-11-09', '08:00:00', 'HADIR', '16:00:00'),
	(194, 5, '2020-11-10', NULL, 'LIBUR NASIONAL', NULL),
	(195, 5, '2020-11-11', '08:00:00', 'HADIR', '16:00:00'),
	(196, 5, '2020-11-12', '08:00:00', 'HADIR', '16:00:00'),
	(197, 5, '2020-11-13', '08:00:00', 'HADIR', '16:00:00'),
	(198, 5, '2020-11-14', NULL, 'AKHIR PEKAN', NULL),
	(199, 5, '2020-11-15', NULL, 'AKHIR PEKAN', NULL),
	(200, 5, '2020-11-16', '08:00:00', 'HADIR', '16:00:00'),
	(201, 5, '2020-11-17', '08:00:00', 'HADIR', '16:00:00'),
	(202, 5, '2020-11-18', '08:35:00', 'HADIR', '16:00:00'),
	(203, 5, '2020-11-19', '08:00:00', 'HADIR', '16:00:00'),
	(204, 5, '2020-11-20', '08:00:00', 'HADIR', '16:00:00'),
	(205, 5, '2020-11-21', NULL, 'AKHIR PEKAN', NULL),
	(206, 5, '2020-11-22', NULL, 'AKHIR PEKAN', NULL),
	(207, 5, '2020-11-23', '08:00:00', 'HADIR', '16:00:00'),
	(208, 5, '2020-11-24', '08:00:00', 'HADIR', '16:00:00'),
	(209, 5, '2020-11-25', NULL, 'SAKIT', NULL),
	(210, 5, '2020-11-26', '08:00:00', 'HADIR', '16:00:00'),
	(211, 5, '2020-11-27', '08:00:00', 'HADIR', '16:00:00'),
	(212, 5, '2020-11-28', NULL, 'AKHIR PEKAN', NULL),
	(213, 5, '2020-11-29', NULL, 'AKHIR PEKAN', NULL),
	(214, 5, '2020-11-30', '08:00:00', 'HADIR', '16:00:00'),
	(215, 5, '2020-12-01', '08:00:00', 'HADIR', '16:00:00'),
	(216, 5, '2020-12-02', '08:00:00', 'HADIR', '16:00:00'),
	(217, 5, '2020-12-03', '08:00:00', 'HADIR', '16:00:00'),
	(218, 5, '2020-12-04', '08:00:00', 'HADIR', '16:00:00'),
	(219, 5, '2020-12-05', NULL, 'AKHIR PEKAN', NULL),
	(220, 5, '2020-12-06', NULL, 'AKHIR PEKAN', NULL),
	(221, 5, '2020-12-07', '08:00:00', 'HADIR', '16:00:00'),
	(222, 5, '2020-12-08', '08:00:00', 'HADIR', '16:00:00'),
	(223, 5, '2020-12-09', NULL, 'LIBUR NASIONAL', NULL),
	(224, 5, '2020-12-10', '08:00:00', 'HADIR', '16:00:00'),
	(225, 5, '2020-12-11', '08:00:00', 'HADIR', '16:00:00'),
	(226, 5, '2020-12-12', NULL, 'AKHIR PEKAN', NULL),
	(227, 5, '2020-12-13', NULL, 'AKHIR PEKAN', NULL),
	(228, 5, '2020-12-14', '08:00:00', 'HADIR', '16:00:00'),
	(229, 5, '2020-12-15', '08:00:00', 'HADIR', '16:00:00'),
	(230, 5, '2020-12-16', '08:00:00', 'HADIR', '16:00:00'),
	(231, 5, '2020-12-17', '08:00:00', 'HADIR', '16:00:00'),
	(232, 5, '2020-12-18', '08:00:00', 'HADIR', '16:00:00'),
	(233, 5, '2020-12-19', NULL, 'AKHIR PEKAN', NULL),
	(234, 5, '2020-12-20', NULL, 'AKHIR PEKAN', NULL),
	(235, 5, '2020-12-21', '08:00:00', 'HADIR', '16:00:00'),
	(236, 5, '2020-12-22', '08:00:00', 'HADIR', '16:00:00'),
	(237, 5, '2020-12-23', '08:00:00', 'HADIR', '16:00:00'),
	(238, 5, '2020-12-24', NULL, 'LIBUR NASIONAL', NULL),
	(239, 5, '2020-12-25', NULL, 'LIBUR NASIONAL', NULL),
	(240, 5, '2020-12-26', NULL, 'AKHIR PEKAN', NULL),
	(241, 5, '2020-12-27', NULL, 'AKHIR PEKAN', NULL),
	(242, 5, '2020-12-28', '08:00:00', 'HADIR', '16:00:00'),
	(243, 5, '2020-12-29', '08:00:00', 'HADIR', '16:00:00'),
	(244, 5, '2020-12-30', '08:00:00', 'HADIR', '16:00:00'),
	(245, 5, '2020-12-31', '08:00:00', 'HADIR', '16:00:00'),
	(246, 5, '2021-01-01', NULL, 'LIBUR NASIONAL', NULL),
	(247, 5, '2021-01-02', NULL, 'AKHIR PEKAN', NULL),
	(248, 5, '2021-01-03', NULL, 'AKHIR PEKAN', NULL),
	(249, 5, '2021-01-04', '08:00:00', 'HADIR', '16:00:00'),
	(250, 5, '2021-01-05', '08:00:00', 'HADIR', '16:00:00'),
	(251, 5, '2021-01-06', NULL, 'IZIN', NULL),
	(252, 5, '2021-01-07', '08:00:00', 'HADIR', '16:00:00'),
	(253, 5, '2021-01-08', '08:00:00', 'HADIR', '16:00:00'),
	(254, 5, '2021-01-09', NULL, 'AKHIR PEKAN', NULL),
	(255, 5, '2021-01-10', NULL, 'AKHIR PEKAN', NULL),
	(256, 5, '2021-01-11', '08:00:00', 'HADIR', '16:00:00'),
	(257, 5, '2021-01-12', '08:00:00', 'HADIR', '16:00:00'),
	(258, 5, '2021-01-13', '08:00:00', 'HADIR', '16:00:00'),
	(259, 5, '2021-01-14', '08:00:00', 'HADIR', '16:00:00'),
	(260, 5, '2021-01-15', '08:00:00', 'HADIR', '16:00:00'),
	(261, 5, '2021-01-16', NULL, 'AKHIR PEKAN', NULL),
	(262, 5, '2021-01-17', NULL, 'AKHIR PEKAN', NULL),
	(263, 5, '2021-01-18', '08:00:00', 'HADIR', '16:00:00'),
	(264, 5, '2021-01-19', '08:00:00', 'HADIR', '16:00:00'),
	(265, 5, '2021-01-20', '08:00:00', 'HADIR', '16:00:00'),
	(266, 5, '2021-01-21', '08:00:00', 'HADIR', '16:00:00'),
	(267, 5, '2021-01-22', '08:00:00', 'HADIR', '16:00:00'),
	(268, 5, '2021-01-23', NULL, 'AKHIR PEKAN', NULL),
	(269, 5, '2021-01-24', NULL, 'AKHIR PEKAN', NULL),
	(270, 5, '2021-01-25', '08:00:00', 'HADIR', '16:00:00'),
	(271, 5, '2021-01-26', NULL, 'SAKIT', NULL),
	(272, 5, '2021-01-27', NULL, 'SAKIT', NULL),
	(273, 5, '2021-01-28', '08:00:00', 'HADIR', '16:00:00'),
	(274, 5, '2021-01-29', '08:00:00', 'HADIR', '16:00:00'),
	(275, 5, '2021-01-30', NULL, 'AKHIR PEKAN', NULL),
	(276, 5, '2021-01-31', NULL, 'AKHIR PEKAN', NULL),
	(277, 6, '2020-11-01', NULL, 'AKHIR PEKAN', NULL),
	(278, 6, '2020-11-02', '08:00:00', 'HADIR', '16:00:00'),
	(279, 6, '2020-11-03', '08:00:00', 'HADIR', '16:00:00'),
	(280, 6, '2020-11-04', '08:00:00', 'HADIR', '16:00:00'),
	(281, 6, '2020-11-05', '08:00:00', 'HADIR', '16:00:00'),
	(282, 6, '2020-11-06', '08:00:00', 'HADIR', '16:00:00'),
	(283, 6, '2020-11-07', NULL, 'AKHIR PEKAN', NULL),
	(284, 6, '2020-11-08', NULL, 'AKHIR PEKAN', NULL),
	(285, 6, '2020-11-09', '08:00:00', 'HADIR', '16:00:00'),
	(286, 6, '2020-11-10', NULL, 'LIBUR NASIONAL', NULL),
	(287, 6, '2020-11-11', '08:00:00', 'HADIR', '16:00:00'),
	(288, 6, '2020-11-12', '08:00:00', 'HADIR', '16:00:00'),
	(289, 6, '2020-11-13', '08:00:00', 'HADIR', '16:00:00'),
	(290, 6, '2020-11-14', NULL, 'AKHIR PEKAN', NULL),
	(291, 6, '2020-11-15', NULL, 'AKHIR PEKAN', NULL),
	(292, 6, '2020-11-16', '08:00:00', 'HADIR', '16:00:00'),
	(293, 6, '2020-11-17', '08:00:00', 'HADIR', '16:00:00'),
	(294, 6, '2020-11-18', '08:00:00', 'HADIR', '16:00:00'),
	(295, 6, '2020-11-19', '08:00:00', 'HADIR', '16:00:00'),
	(296, 6, '2020-11-20', '08:00:00', 'HADIR', '16:00:00'),
	(297, 6, '2020-11-21', NULL, 'AKHIR PEKAN', NULL),
	(298, 6, '2020-11-22', NULL, 'AKHIR PEKAN', NULL),
	(299, 6, '2020-11-23', '08:00:00', 'HADIR', '16:00:00'),
	(300, 6, '2020-11-24', '08:00:00', 'HADIR', '16:00:00'),
	(301, 6, '2020-11-25', '08:00:00', 'HADIR', '16:00:00'),
	(302, 6, '2020-11-26', '08:00:00', 'HADIR', '16:00:00'),
	(303, 6, '2020-11-27', '08:00:00', 'HADIR', '16:00:00'),
	(304, 6, '2020-11-28', NULL, 'AKHIR PEKAN', NULL),
	(305, 6, '2020-11-29', NULL, 'AKHIR PEKAN', NULL),
	(306, 6, '2020-11-30', '08:00:00', 'HADIR', '16:00:00'),
	(307, 6, '2020-12-01', '08:00:00', 'HADIR', '16:00:00'),
	(308, 6, '2020-12-02', '08:00:00', 'HADIR', '16:00:00'),
	(309, 6, '2020-12-03', '08:00:00', 'HADIR', '16:00:00'),
	(310, 6, '2020-12-04', '08:00:00', 'HADIR', '16:00:00'),
	(311, 6, '2020-12-05', NULL, 'AKHIR PEKAN', NULL),
	(312, 6, '2020-12-06', NULL, 'AKHIR PEKAN', NULL),
	(313, 6, '2020-12-07', '08:00:00', 'HADIR', '16:00:00'),
	(314, 6, '2020-12-08', '08:00:00', 'HADIR', '16:00:00'),
	(315, 6, '2020-12-09', NULL, 'LIBUR NASIONAL', NULL),
	(316, 6, '2020-12-10', '08:00:00', 'HADIR', '16:00:00'),
	(317, 6, '2020-12-11', '08:00:00', 'HADIR', '16:00:00'),
	(318, 6, '2020-12-12', NULL, 'AKHIR PEKAN', NULL),
	(319, 6, '2020-12-13', NULL, 'AKHIR PEKAN', NULL),
	(320, 6, '2020-12-14', '08:00:00', 'HADIR', '16:00:00'),
	(321, 6, '2020-12-15', '08:00:00', 'HADIR', '16:00:00'),
	(322, 6, '2020-12-16', '08:00:00', 'HADIR', '16:00:00'),
	(323, 6, '2020-12-17', '08:00:00', 'HADIR', '16:00:00'),
	(324, 6, '2020-12-18', '08:00:00', 'HADIR', '16:00:00'),
	(325, 6, '2020-12-19', NULL, 'AKHIR PEKAN', NULL),
	(326, 6, '2020-12-20', NULL, 'AKHIR PEKAN', NULL),
	(327, 6, '2020-12-21', '08:00:00', 'HADIR', '16:00:00'),
	(328, 6, '2020-12-22', '08:00:00', 'HADIR', '16:00:00'),
	(329, 6, '2020-12-23', '08:00:00', 'HADIR', '16:00:00'),
	(330, 6, '2020-12-24', NULL, 'LIBUR NASIONAL', NULL),
	(331, 6, '2020-12-25', NULL, 'LIBUR NASIONAL', NULL),
	(332, 6, '2020-12-26', NULL, 'AKHIR PEKAN', NULL),
	(333, 6, '2020-12-27', NULL, 'AKHIR PEKAN', NULL),
	(334, 6, '2020-12-28', '08:00:00', 'HADIR', '16:00:00'),
	(335, 6, '2020-12-29', '08:00:00', 'HADIR', '16:00:00'),
	(336, 6, '2020-12-30', '08:00:00', 'HADIR', '16:00:00'),
	(337, 6, '2020-12-31', '08:00:00', 'HADIR', '16:00:00'),
	(338, 6, '2021-01-01', NULL, 'LIBUR NASIONAL', NULL),
	(339, 6, '2021-01-02', NULL, 'AKHIR PEKAN', NULL),
	(340, 6, '2021-01-03', NULL, 'AKHIR PEKAN', NULL),
	(341, 6, '2021-01-04', '08:00:00', 'HADIR', '16:00:00'),
	(342, 6, '2021-01-05', '08:00:00', 'HADIR', '16:00:00'),
	(343, 6, '2021-01-06', '08:00:00', 'HADIR', '16:00:00'),
	(344, 6, '2021-01-07', '08:00:00', 'HADIR', '16:00:00'),
	(345, 6, '2021-01-08', '08:00:00', 'HADIR', '16:00:00'),
	(346, 6, '2021-01-09', NULL, 'AKHIR PEKAN', NULL),
	(347, 6, '2021-01-10', NULL, 'AKHIR PEKAN', NULL),
	(348, 6, '2021-01-11', '08:00:00', 'HADIR', '16:00:00'),
	(349, 6, '2021-01-12', '08:00:00', 'HADIR', '16:00:00'),
	(350, 6, '2021-01-13', '08:00:00', 'HADIR', '16:00:00'),
	(351, 6, '2021-01-14', '08:00:00', 'HADIR', '16:00:00'),
	(352, 6, '2021-01-15', '08:00:00', 'HADIR', '16:00:00'),
	(353, 6, '2021-01-16', NULL, 'AKHIR PEKAN', NULL),
	(354, 6, '2021-01-17', NULL, 'AKHIR PEKAN', NULL),
	(355, 6, '2021-01-18', '08:00:00', 'HADIR', '16:00:00'),
	(356, 6, '2021-01-19', '08:00:00', 'HADIR', '16:00:00'),
	(357, 6, '2021-01-20', '08:00:00', 'HADIR', '16:00:00'),
	(358, 6, '2021-01-21', '08:00:00', 'HADIR', '16:00:00'),
	(359, 6, '2021-01-22', '08:00:00', 'HADIR', '16:00:00'),
	(360, 6, '2021-01-23', NULL, 'AKHIR PEKAN', NULL),
	(361, 6, '2021-01-24', NULL, 'AKHIR PEKAN', NULL),
	(362, 6, '2021-01-25', '08:00:00', 'HADIR', '16:00:00'),
	(363, 6, '2021-01-26', '08:00:00', 'HADIR', '16:00:00'),
	(364, 6, '2021-01-27', '08:00:00', 'HADIR', '16:00:00'),
	(365, 6, '2021-01-28', '08:00:00', 'HADIR', '16:00:00'),
	(366, 6, '2021-01-29', '08:00:00', 'HADIR', '16:00:00'),
	(367, 6, '2021-01-30', NULL, 'AKHIR PEKAN', NULL),
	(368, 6, '2021-01-31', NULL, 'AKHIR PEKAN', NULL),
	(369, 7, '2020-11-01', NULL, 'AKHIR PEKAN', NULL),
	(370, 7, '2020-11-02', '08:00:00', 'HADIR', '16:00:00'),
	(371, 7, '2020-11-03', '08:35:00', 'HADIR', '16:00:00'),
	(372, 7, '2020-11-04', NULL, 'SAKIT', NULL),
	(373, 7, '2020-11-05', '08:00:00', 'HADIR', '16:00:00'),
	(374, 7, '2020-11-06', '08:00:00', 'HADIR', '16:00:00'),
	(375, 7, '2020-11-07', NULL, 'AKHIR PEKAN', NULL),
	(376, 7, '2020-11-08', NULL, 'AKHIR PEKAN', NULL),
	(377, 7, '2020-11-09', '08:00:00', 'HADIR', '16:00:00'),
	(378, 7, '2020-11-10', NULL, 'LIBUR NASIONAL', NULL),
	(379, 7, '2020-11-11', '08:00:00', 'HADIR', '16:00:00'),
	(380, 7, '2020-11-12', '08:00:00', 'HADIR', '16:00:00'),
	(381, 7, '2020-11-13', '08:00:00', 'HADIR', '16:00:00'),
	(382, 7, '2020-11-14', NULL, 'AKHIR PEKAN', NULL),
	(383, 7, '2020-11-15', NULL, 'AKHIR PEKAN', NULL),
	(384, 7, '2020-11-16', '08:00:00', 'HADIR', '16:00:00'),
	(385, 7, '2020-11-17', '08:00:00', 'HADIR', '16:00:00'),
	(386, 7, '2020-11-18', '08:45:00', 'HADIR', '16:00:00'),
	(387, 7, '2020-11-19', NULL, 'IZIN', NULL),
	(388, 7, '2020-11-20', '08:00:00', 'HADIR', '16:00:00'),
	(389, 7, '2020-11-21', NULL, 'AKHIR PEKAN', NULL),
	(390, 7, '2020-11-22', NULL, 'AKHIR PEKAN', NULL),
	(391, 7, '2020-11-23', '08:00:00', 'HADIR', '16:00:00'),
	(392, 7, '2020-11-24', '08:00:00', 'HADIR', '16:00:00'),
	(393, 7, '2020-11-25', '08:00:00', 'HADIR', '16:00:00'),
	(394, 7, '2020-11-26', '08:00:00', 'HADIR', '16:00:00'),
	(395, 7, '2020-11-27', '08:00:00', 'HADIR', '16:00:00'),
	(396, 7, '2020-11-28', NULL, 'AKHIR PEKAN', NULL),
	(397, 7, '2020-11-29', NULL, 'AKHIR PEKAN', NULL),
	(398, 7, '2020-11-30', '08:00:00', 'HADIR', '16:00:00'),
	(399, 7, '2020-12-01', '08:00:00', 'HADIR', '16:00:00'),
	(400, 7, '2020-12-02', '08:00:00', 'HADIR', '16:00:00'),
	(401, 7, '2020-12-03', '08:00:00', 'HADIR', '16:00:00'),
	(402, 7, '2020-12-04', '08:00:00', 'HADIR', '16:00:00'),
	(403, 7, '2020-12-05', NULL, 'AKHIR PEKAN', NULL),
	(404, 7, '2020-12-06', NULL, 'AKHIR PEKAN', NULL),
	(405, 7, '2020-12-07', '08:00:00', 'HADIR', '16:00:00'),
	(406, 7, '2020-12-08', '08:00:00', 'HADIR', '16:00:00'),
	(407, 7, '2020-12-09', NULL, 'LIBUR NASIONAL', NULL),
	(408, 7, '2020-12-10', '08:00:00', 'HADIR', '16:00:00'),
	(409, 7, '2020-12-11', '08:00:00', 'HADIR', '16:00:00'),
	(410, 7, '2020-12-12', NULL, 'AKHIR PEKAN', NULL),
	(411, 7, '2020-12-13', NULL, 'AKHIR PEKAN', NULL),
	(412, 7, '2020-12-14', '08:00:00', 'HADIR', '16:00:00'),
	(413, 7, '2020-12-15', '08:00:00', 'HADIR', '16:00:00'),
	(414, 7, '2020-12-16', '08:00:00', 'HADIR', '16:00:00'),
	(415, 7, '2020-12-17', NULL, 'SAKIT', NULL),
	(416, 7, '2020-12-18', '08:00:00', 'HADIR', '16:00:00'),
	(417, 7, '2020-12-19', NULL, 'AKHIR PEKAN', NULL),
	(418, 7, '2020-12-20', NULL, 'AKHIR PEKAN', NULL),
	(419, 7, '2020-12-21', '08:00:00', 'HADIR', '16:00:00'),
	(420, 7, '2020-12-22', '08:00:00', 'HADIR', '16:00:00'),
	(421, 7, '2020-12-23', '08:00:00', 'HADIR', '16:00:00'),
	(422, 7, '2020-12-24', NULL, 'LIBUR NASIONAL', NULL),
	(423, 7, '2020-12-25', NULL, 'LIBUR NASIONAL', NULL),
	(424, 7, '2020-12-26', NULL, 'AKHIR PEKAN', NULL),
	(425, 7, '2020-12-27', NULL, 'AKHIR PEKAN', NULL),
	(426, 7, '2020-12-28', '08:00:00', 'HADIR', '16:00:00'),
	(427, 7, '2020-12-29', '08:50:00', 'HADIR', '16:00:00'),
	(428, 7, '2020-12-30', '08:00:00', 'HADIR', '16:00:00'),
	(429, 7, '2020-12-31', '08:00:00', 'HADIR', '16:00:00'),
	(430, 7, '2021-01-01', NULL, 'LIBUR NASIONAL', NULL),
	(431, 7, '2021-01-02', NULL, 'AKHIR PEKAN', NULL),
	(432, 7, '2021-01-03', NULL, 'AKHIR PEKAN', NULL),
	(433, 7, '2021-01-04', '08:55:00', 'HADIR', '16:00:00'),
	(434, 7, '2021-01-05', '08:00:00', 'HADIR', '16:00:00'),
	(435, 7, '2021-01-06', '08:00:00', 'HADIR', '16:00:00'),
	(436, 7, '2021-01-07', '08:00:00', 'HADIR', '16:00:00'),
	(437, 7, '2021-01-08', '08:00:00', 'HADIR', '16:00:00'),
	(438, 7, '2021-01-09', NULL, 'AKHIR PEKAN', NULL),
	(439, 7, '2021-01-10', NULL, 'AKHIR PEKAN', NULL),
	(440, 7, '2021-01-11', '08:00:00', 'HADIR', '16:00:00'),
	(441, 7, '2021-01-12', '08:00:00', 'HADIR', '16:00:00'),
	(442, 7, '2021-01-13', '08:00:00', 'HADIR', '16:00:00'),
	(443, 7, '2021-01-14', '08:00:00', 'HADIR', '16:00:00'),
	(444, 7, '2021-01-15', '08:00:00', 'HADIR', '16:00:00'),
	(445, 7, '2021-01-16', NULL, 'AKHIR PEKAN', NULL),
	(446, 7, '2021-01-17', NULL, 'AKHIR PEKAN', NULL),
	(447, 7, '2021-01-18', '08:00:00', 'HADIR', '16:00:00'),
	(448, 7, '2021-01-19', '08:00:00', 'HADIR', '16:00:00'),
	(449, 7, '2021-01-20', '08:00:00', 'HADIR', '16:00:00'),
	(450, 7, '2021-01-21', NULL, 'IZIN', NULL),
	(451, 7, '2021-01-22', '08:00:00', 'HADIR', '16:00:00'),
	(452, 7, '2021-01-23', NULL, 'AKHIR PEKAN', NULL),
	(453, 7, '2021-01-24', NULL, 'AKHIR PEKAN', NULL),
	(454, 7, '2021-01-25', '08:00:00', 'HADIR', '16:00:00'),
	(455, 7, '2021-01-26', '08:00:00', 'HADIR', '16:00:00'),
	(456, 7, '2021-01-27', '08:40:00', 'HADIR', '16:00:00'),
	(457, 7, '2021-01-28', '08:00:00', 'HADIR', '16:00:00'),
	(458, 7, '2021-01-29', '08:00:00', 'HADIR', '16:00:00'),
	(459, 7, '2021-01-30', NULL, 'AKHIR PEKAN', NULL),
	(460, 7, '2021-01-31', NULL, 'AKHIR PEKAN', NULL),
	(461, 8, '2020-11-01', NULL, 'AKHIR PEKAN', NULL),
	(462, 8, '2020-11-02', '08:00:00', 'HADIR', '16:00:00'),
	(463, 8, '2020-11-03', '08:00:00', 'HADIR', '16:00:00'),
	(464, 8, '2020-11-04', '08:00:00', 'HADIR', '16:00:00'),
	(465, 8, '2020-11-05', '08:00:00', 'HADIR', '16:00:00'),
	(466, 8, '2020-11-06', '08:35:00', 'HADIR', '16:00:00'),
	(467, 8, '2020-11-07', NULL, 'AKHIR PEKAN', NULL),
	(468, 8, '2020-11-08', NULL, 'AKHIR PEKAN', NULL),
	(469, 8, '2020-11-09', '08:00:00', 'HADIR', '16:00:00'),
	(470, 8, '2020-11-10', NULL, 'LIBUR NASIONAL', NULL),
	(471, 8, '2020-11-11', '08:00:00', 'HADIR', '16:00:00'),
	(472, 8, '2020-11-12', '08:00:00', 'HADIR', '16:00:00'),
	(473, 8, '2020-11-13', '08:00:00', 'HADIR', '16:00:00'),
	(474, 8, '2020-11-14', NULL, 'AKHIR PEKAN', NULL),
	(475, 8, '2020-11-15', NULL, 'AKHIR PEKAN', NULL),
	(476, 8, '2020-11-16', '08:00:00', 'HADIR', '16:00:00'),
	(477, 8, '2020-11-17', '08:00:00', 'HADIR', '16:00:00'),
	(478, 8, '2020-11-18', '08:35:00', 'HADIR', '16:00:00'),
	(479, 8, '2020-11-19', '08:00:00', 'HADIR', '16:00:00'),
	(480, 8, '2020-11-20', '08:00:00', 'HADIR', '16:00:00'),
	(481, 8, '2020-11-21', NULL, 'AKHIR PEKAN', NULL),
	(482, 8, '2020-11-22', NULL, 'AKHIR PEKAN', NULL),
	(483, 8, '2020-11-23', '08:00:00', 'HADIR', '16:00:00'),
	(484, 8, '2020-11-24', '08:00:00', 'HADIR', '16:00:00'),
	(485, 8, '2020-11-25', NULL, 'IZIN', NULL),
	(486, 8, '2020-11-26', '08:00:00', 'HADIR', '16:00:00'),
	(487, 8, '2020-11-27', '08:00:00', 'HADIR', '16:00:00'),
	(488, 8, '2020-11-28', NULL, 'AKHIR PEKAN', NULL),
	(489, 8, '2020-11-29', NULL, 'AKHIR PEKAN', NULL),
	(490, 8, '2020-11-30', '08:00:00', 'HADIR', '16:00:00'),
	(491, 8, '2020-12-01', '08:00:00', 'HADIR', '16:00:00'),
	(492, 8, '2020-12-02', NULL, 'CUTI', NULL),
	(493, 8, '2020-12-03', NULL, 'CUTI', NULL),
	(494, 8, '2020-12-04', '08:00:00', 'HADIR', '16:00:00'),
	(495, 8, '2020-12-05', NULL, 'AKHIR PEKAN', NULL),
	(496, 8, '2020-12-06', NULL, 'AKHIR PEKAN', NULL),
	(497, 8, '2020-12-07', '08:00:00', 'HADIR', '16:00:00'),
	(498, 8, '2020-12-08', '08:00:00', 'HADIR', '16:00:00'),
	(499, 8, '2020-12-09', NULL, 'LIBUR NASIONAL', NULL),
	(500, 8, '2020-12-10', '08:00:00', 'HADIR', '16:00:00'),
	(501, 8, '2020-12-11', '08:00:00', 'HADIR', '16:00:00'),
	(502, 8, '2020-12-12', NULL, 'AKHIR PEKAN', NULL),
	(503, 8, '2020-12-13', NULL, 'AKHIR PEKAN', NULL),
	(504, 8, '2020-12-14', '08:37:00', 'HADIR', '16:00:00'),
	(505, 8, '2020-12-15', '08:00:00', 'HADIR', '16:00:00'),
	(506, 8, '2020-12-16', '08:00:00', 'HADIR', '16:00:00'),
	(507, 8, '2020-12-17', '08:00:00', 'HADIR', '16:00:00'),
	(508, 8, '2020-12-18', '08:00:00', 'HADIR', '16:00:00'),
	(509, 8, '2020-12-19', NULL, 'AKHIR PEKAN', NULL),
	(510, 8, '2020-12-20', NULL, 'AKHIR PEKAN', NULL),
	(511, 8, '2020-12-21', '08:00:00', 'HADIR', '16:00:00'),
	(512, 8, '2020-12-22', '08:00:00', 'HADIR', '16:00:00'),
	(513, 8, '2020-12-23', '08:00:00', 'HADIR', '16:00:00'),
	(514, 8, '2020-12-24', NULL, 'LIBUR NASIONAL', NULL),
	(515, 8, '2020-12-25', NULL, 'LIBUR NASIONAL', NULL),
	(516, 8, '2020-12-26', NULL, 'AKHIR PEKAN', NULL),
	(517, 8, '2020-12-27', NULL, 'AKHIR PEKAN', NULL),
	(518, 8, '2020-12-28', '08:00:00', 'HADIR', '16:00:00'),
	(519, 8, '2020-12-29', '08:00:00', 'HADIR', '16:00:00'),
	(520, 8, '2020-12-30', '08:35:00', 'HADIR', '16:00:00'),
	(521, 8, '2020-12-31', '08:00:00', 'HADIR', '16:00:00'),
	(522, 8, '2021-01-01', NULL, 'LIBUR NASIONAL', NULL),
	(523, 8, '2021-01-02', NULL, 'AKHIR PEKAN', NULL),
	(524, 8, '2021-01-03', NULL, 'AKHIR PEKAN', NULL),
	(525, 8, '2021-01-04', '08:00:00', 'HADIR', '16:00:00'),
	(526, 8, '2021-01-05', '08:00:00', 'HADIR', '16:00:00'),
	(527, 8, '2021-01-06', NULL, 'IZIN', NULL),
	(528, 8, '2021-01-07', '08:00:00', 'HADIR', '16:00:00'),
	(529, 8, '2021-01-08', '08:00:00', 'HADIR', '16:00:00'),
	(530, 8, '2021-01-09', NULL, 'AKHIR PEKAN', NULL),
	(531, 8, '2021-01-10', NULL, 'AKHIR PEKAN', NULL),
	(532, 8, '2021-01-11', '08:00:00', 'HADIR', '16:00:00'),
	(533, 8, '2021-01-12', '08:00:00', 'HADIR', '16:00:00'),
	(534, 8, '2021-01-13', '08:00:00', 'HADIR', '16:00:00'),
	(535, 8, '2021-01-14', '08:00:00', 'HADIR', '16:00:00'),
	(536, 8, '2021-01-15', '08:00:00', 'HADIR', '16:00:00'),
	(537, 8, '2021-01-16', NULL, 'AKHIR PEKAN', NULL),
	(538, 8, '2021-01-17', NULL, 'AKHIR PEKAN', NULL),
	(539, 8, '2021-01-18', '08:00:00', 'HADIR', '16:00:00'),
	(540, 8, '2021-01-19', '08:00:00', 'HADIR', '16:00:00'),
	(541, 8, '2021-01-20', '08:00:00', 'HADIR', '16:00:00'),
	(542, 8, '2021-01-21', '08:00:00', 'HADIR', '16:00:00'),
	(543, 8, '2021-01-22', '08:00:00', 'HADIR', '16:00:00'),
	(544, 8, '2021-01-23', NULL, 'AKHIR PEKAN', NULL),
	(545, 8, '2021-01-24', NULL, 'AKHIR PEKAN', NULL),
	(546, 8, '2021-01-25', '08:00:00', 'HADIR', '16:00:00'),
	(547, 8, '2021-01-26', NULL, 'SAKIT', NULL),
	(548, 8, '2021-01-27', NULL, 'SAKIT', NULL),
	(549, 8, '2021-01-28', '08:00:00', 'HADIR', '16:00:00'),
	(550, 8, '2021-01-29', '08:00:00', 'HADIR', '16:00:00'),
	(551, 8, '2021-01-30', NULL, 'AKHIR PEKAN', NULL),
	(552, 8, '2021-01-31', NULL, 'AKHIR PEKAN', NULL);
/*!40000 ALTER TABLE `presensi` ENABLE KEYS */;

/*!40101 SET SQL_MODE=IFNULL(@OLD_SQL_MODE, '') */;
/*!40014 SET FOREIGN_KEY_CHECKS=IFNULL(@OLD_FOREIGN_KEY_CHECKS, 1) */;
/*!40101 SET CHARACTER_SET_CLIENT=@OLD_CHARACTER_SET_CLIENT */;
/*!40111 SET SQL_NOTES=IFNULL(@OLD_SQL_NOTES, 1) */;
